Model,Accuracy,AUC,Precision,Recall,F1,MCC
Logistic Regression,0.8832116788321168,0.8652573584829817,0.7640449438202247,0.35602094240837695,0.4857142857142857,0.4695808406496004
Decision Tree,0.8527980535279805,0.7290437740551294,0.5236907730673317,0.5497382198952879,0.5363984674329502,0.44915559223967105
KNN,0.8678021086780211,0.7888392991729556,0.6217391304347826,0.3743455497382199,0.4673202614379085,0.41381053314583033
Naive Bayes,0.7793998377939984,0.8020338203816664,0.3801775147928994,0.6727748691099477,0.48582230623818523,0.38261697605837514
Random Forest,0.8998377939983779,0.917870260574208,0.7319587628865979,0.5575916230366492,0.6329866270430906,0.5833703759603103
XGBoost,0.889294403892944,0.916083397815317,0.6697819314641744,0.56282722513089,0.6116642958748222,0.5504949952844905
